Scientific Name,English Common Name
Agapornis canus,Grey-headed Lovebird
Agapornis fischeri,Fischer's Lovebird
Agapornis lilianae,Lilian's Lovebird
Agapornis nigrigenis,Black-cheeked Lovebird
Agapornis personatus,Yellow-collared Lovebird
Agapornis pullarius,Red-headed Lovebird
Agapornis roseicollis,Rosy-faced Lovebird
Agapornis swindernianus,Black-collared Lovebird
Agapornis taranta,Black-winged Lovebird
Alipiopsitta xanthops,Yellow-faced Parrot
Alisterus amboinensis,Moluccan King Parrot
Alisterus chloropterus,Papuan King Parrot
Alisterus scapularis,Australian King Parrot
Amazona aestiva,Turquoise-fronted Amazon
Amazona agilis,Black-billed Amazon
Amazona albifrons,White-fronted Amazon
Amazona amazonica,Orange-winged Amazon
Amazona arausiaca,Red-necked Amazon
Amazona auropalliata,Yellow-naped Amazon
Amazona autumnalis,Red-lored Amazon
Amazona barbadensis,Yellow-shouldered Amazon
Amazona brasiliensis,Red-tailed Amazon
Amazona collaria,Yellow-billed Amazon
Amazona diadema,Diademed Amazon
Amazona dufresniana,Blue-cheeked Amazon
Amazona farinosa,Mealy Amazon
Amazona festiva,Festive Amazon
Amazona finschi,Lilac-crowned Amazon
Amazona guildingii,St. Vincent Amazon
Amazona imperialis,Imperial Amazon
Amazona kawalli,Kawall's Amazon
Amazona leucocephala,Cuban Amazon
Amazona mercenarius,Scaly-naped Amazon
Amazona ochrocephala,Yellow-crowned Amazon
Amazona oratrix,Yellow-headed Amazon
Amazona pretrei,Red-spectacled Amazon
Amazona rhodocorytha,Red-browed Amazon
Amazona tucumana,Tucuman Amazon
Amazona ventralis,Hispaniolan Amazon
Amazona versicolor,St. Lucia Amazon
Amazona vinacea,Vinaceous-breasted Amazon
Amazona viridigenalis,Red-crowned Amazon
Amazona vittata,Puerto Rican Amazon
Amazona xantholora,Yucatan Amazon
Anodorhynchus glaucus,Glaucous Macaw
Anodorhynchus hyacinthinus,Hyacinth Macaw
Anodorhynchus leari,Lear's Macaw
Aprosmictus erythropterus,Red-winged Parrot
Aprosmictus jonquillaceus,Jonquil Parrot
Ara ambiguus,Great Green Macaw
Ara ararauna,Blue-and-yellow Macaw
Ara chloropterus,Red-and-green Macaw
Ara glaucogularis,Blue-throated Macaw
Ara macao,Scarlet Macaw
Ara militaris,Military Macaw
Ara rubrogenys,Red-fronted Macaw
Ara severus,Chestnut-fronted Macaw
Ara tricolor,Cuban Macaw
Aratinga auricapillus,Golden-capped Parakeet
Aratinga jandaya,Jandaya Parakeet
Aratinga maculata,Sulphur-breasted Parakeet
Aratinga nenday,Nanday Parakeet
Aratinga solstitialis,Sun Parakeet
Aratinga weddellii,Dusky-headed Parakeet
Barnardius zonarius,Australian Ringneck
Bolbopsittacus lunulatus,Guaiabero
Bolborhynchus ferrugineifrons,Rufous-fronted Parakeet
Bolborhynchus lineola,Barred Parakeet
Bolborhynchus orbygnesius,Andean Parakeet
Brotogeris chiriri,Yellow-chevroned Parakeet
Brotogeris chrysoptera,Golden-winged Parakeet
Brotogeris cyanoptera,Cobalt-winged Parakeet
Brotogeris jugularis,Orange-chinned Parakeet
Brotogeris pyrrhoptera,Grey-cheeked Parakeet
Brotogeris sanctithomae,Tui Parakeet
Brotogeris tirica,Plain Parakeet
Brotogeris versicolurus,White-winged Parakeet
Cacatua alba,White Cockatoo
Cacatua citrinocristata,Citron-crested Cockatoo
Cacatua ducorpsii,Solomons Corella
Cacatua galerita,Sulphur-crested Cockatoo
Cacatua goffiniana,Tanimbar Corella
Cacatua haematuropygia,Red-vented Cockatoo
Cacatua leadbeateri,Pink Cockatoo
Cacatua moluccensis,Salmon-crested Cockatoo
Cacatua ophthalmica,Blue-eyed Cockatoo
Cacatua pastinator,Western Corella
Cacatua sanguinea,Little Corella
Cacatua sulphurea,Yellow-crested Cockatoo
Cacatua tenuirostris,Long-billed Corella
Callocephalon fimbriatum,Gang-gang Cockatoo
Calyptorhynchus banksii,Red-tailed Black Cockatoo
Calyptorhynchus lathami,Glossy Black Cockatoo
Chalcopsitta atra,Black Lory
Chalcopsitta duivenbodei,Brown Lory
Chalcopsitta scintillata,Yellow-streaked Lory
Charminetta wilhelminae,Pygmy Lorikeet
Charmosyna josefinae,Josephine's Lorikeet
Charmosyna papou,West Papuan Lorikeet
Charmosyna stellae,Stella's Lorikeet
Charmosynoides margarethae,Duchess Lorikeet
Charmosynopsis pulchella,Fairy Lorikeet
Charmosynopsis toxopei,Blue-fronted Lorikeet
Conuropsis carolinensis,Carolina Parakeet
Coracopsis barklyi,Seychelles Black Parrot
Coracopsis nigra,Lesser Vasa Parrot
Coracopsis sibilans,Comoro Black Parrot
Coracopsis vasa,Greater Vasa Parrot
Cyanoliseus patagonus,Burrowing Parrot
Cyanopsitta spixii,Spix's Macaw
Cyanoramphus auriceps,Yellow-crowned Parakeet
Cyanoramphus cookii,Norfolk Parakeet
Cyanoramphus forbesi,Chatham Islands Parakeet
Cyanoramphus hochstetteri,Reischek's Parakeet
Cyanoramphus malherbi,Malherbe's Parakeet
Cyanoramphus novaezelandiae,Red-crowned Parakeet
Cyanoramphus saisseti,New Caledonian Parakeet
Cyanoramphus subflavescens,Lord Howe Parakeet
Cyanoramphus ulietanus,Raiatea Parakeet
Cyanoramphus unicolor,Antipodes Parakeet
Cyanoramphus zealandicus,Black-fronted Parakeet
Cyclopsitta diophthalma,Double-eyed Fig Parrot
Cyclopsitta gulielmitertii,Blue-fronted Fig Parrot
Cyclopsitta melanogenia,Dusky-cheeked Fig Parrot
Cyclopsitta nigrifrons,Black-fronted Fig Parrot
Deroptyus accipitrinus,Red-fan Parrot
Diopsittaca nobilis,Red-shouldered Macaw
Eclectus cornelia,Sumba Eclectus
Eclectus infectus,Oceanic Eclectus
Eclectus polychloros,Papuan Eclectus
Eclectus riedeli,Tanimbar Eclectus
Eclectus roratus,Moluccan Eclectus
Enicognathus ferrugineus,Austral Parakeet
Enicognathus leptorhynchus,Slender-billed Parakeet
Eolophus roseicapilla,Galah
Eos bornea,Red Lory
Eos cyanogenia,Black-winged Lory
Eos histrio,Red-and-blue Lory
Eos reticulata,Blue-streaked Lory
Eos semilarvata,Blue-eared Lory
Eos squamata,Violet-necked Lory
Eunymphicus cornutus,Horned Parakeet
Eunymphicus uvaeensis,Ouvea Parakeet
Eupsittula aurea,Peach-fronted Parakeet
Eupsittula cactorum,Caatinga Parakeet
Eupsittula canicularis,Orange-fronted Parakeet
Eupsittula nana,Olive-throated Parakeet
Eupsittula pertinax,Brown-throated Parakeet
Forpus coelestis,Pacific Parrotlet
Forpus conspicillatus,Spectacled Parrotlet
Forpus crassirostris,Riparian Parrotlet
Forpus cyanopygius,Mexican Parrotlet
Forpus modestus,Dusky-billed Parrotlet
Forpus passerinus,Green-rumped Parrotlet
Forpus spengeli,Turquoise-winged Parrotlet
Forpus xanthops,Yellow-faced Parrotlet
Forpus xanthopterygius,Cobalt-rumped Parrotlet
Geoffroyus geoffroyi,Red-cheeked Parrot
Geoffroyus heteroclitus,Song Parrot
Geoffroyus simplex,Blue-collared Parrot
Glossopsitta concinna,Musk Lorikeet
Glossoptilus goldiei,Goldie's Lorikeet
Graydidascalus brachyurus,Short-tailed Parrot
Guaruba guarouba,Golden Parakeet
Hapalopsittaca amazonina,Rusty-faced Parrot
Hapalopsittaca fuertesi,Fuertes's Parrot
Hapalopsittaca melanotis,Black-winged Parrot
Hapalopsittaca pyrrhops,Red-faced Parrot
Hypocharmosyna placentis,Red-flanked Lorikeet
Hypocharmosyna rubronotata,Red-fronted Lorikeet
Lathamus discolor,Swift Parrot
Leptosittaca branickii,Golden-plumed Parakeet
Lophopsittacus mauritianus,Broad-billed Parrot
Loriculus amabilis,Moluccan Hanging Parrot
Loriculus aurantiifrons,Orange-fronted Hanging Parrot
Loriculus beryllinus,Sri Lanka Hanging Parrot
Loriculus bonapartei,Black-billed Hanging Parrot
Loriculus camiguinensis,Camiguin Hanging Parrot
Loriculus catamene,Sangihe Hanging Parrot
Loriculus exilis,Pygmy Hanging Parrot
Loriculus flosculus,Wallace's Hanging Parrot
Loriculus galgulus,Blue-crowned Hanging Parrot
Loriculus philippensis,Philippine Hanging Parrot
Loriculus pusillus,Yellow-throated Hanging Parrot
Loriculus sclateri,Sula Hanging Parrot
Loriculus stigmatus,Great Hanging Parrot
Loriculus tener,Bismarck Hanging Parrot
Loriculus vernalis,Vernal Hanging Parrot
Lorius albidinucha,White-naped Lory
Lorius chlorocercus,Yellow-bibbed Lory
Lorius domicella,Purple-naped Lory
Lorius garrulus,Chattering Lory
Lorius hypoinochrous,Purple-bellied Lory
Lorius lory,Black-capped Lory
Mascarinus mascarinus,Mascarene Parrot
Melopsittacus undulatus,Budgerigar
Micropsitta bruijnii,Red-breasted Pygmy Parrot
Micropsitta finschii,Finsch's Pygmy Parrot
Micropsitta geelvinkiana,Geelvink Pygmy Parrot
Micropsitta keiensis,Yellow-capped Pygmy Parrot
Micropsitta meeki,Meek's Pygmy Parrot
Micropsitta pusio,Buff-faced Pygmy Parrot
Myiopsitta luchsi,Cliff Parakeet
Myiopsitta monachus,Monk Parakeet
Nannopsittaca dachilleae,Manu Parrotlet
Nannopsittaca panychlora,Tepui Parrotlet
Necropsittacus rodricanus,Rodrigues Parrot
Neophema chrysogaster,Orange-bellied Parrot
Neophema chrysostoma,Blue-winged Parrot
Neophema elegans,Elegant Parrot
Neophema petrophila,Rock Parrot
Neophema pulchella,Turquoise Parrot
Neophema splendida,Scarlet-chested Parrot
Neopsephotus bourkii,Bourke's Parrot
Neopsittacus musschenbroekii,Yellow-billed Lorikeet
Neopsittacus pullicauda,Orange-billed Lorikeet
Nestor meridionalis,New Zealand Kaka
Nestor notabilis,Kea
Nestor productus,Norfolk Kaka
Northiella haematogaster,Eastern Bluebonnet
Northiella narethae,Naretha Bluebonnet
Nymphicus hollandicus,Cockatiel
Ognorhynchus icterotis,Yellow-eared Parrot
Oreopsittacus arfaki,Plum-faced Lorikeet
Orthopsittaca manilatus,Red-bellied Macaw
Parvipsitta porphyrocephala,Purple-crowned Lorikeet
Parvipsitta pusilla,Little Lorikeet
Pezoporus occidentalis,Night Parrot
Pezoporus wallicus,Ground Parrot
Pionites leucogaster,White-bellied Parrot
Pionites melanocephalus,Black-headed Parrot
Pionopsitta pileata,Pileated Parrot
Pionus chalcopterus,Bronze-winged Parrot
Pionus fuscus,Dusky Parrot
Pionus maximiliani,Scaly-headed Parrot
Pionus menstruus,Blue-headed Parrot
Pionus senilis,White-crowned Parrot
Pionus seniloides,White-capped Parrot
Pionus sordidus,Red-billed Parrot
Pionus tumultuosus,Plum-crowned Parrot
Platycercus adscitus,Pale-headed Rosella
Platycercus caledonicus,Green Rosella
Platycercus elegans,Crimson Rosella
Platycercus eximius,Eastern Rosella
Platycercus icterotis,Western Rosella
Platycercus venustus,Northern Rosella
Poicephalus crassus,Niam-niam Parrot
Poicephalus cryptoxanthus,Brown-headed Parrot
Poicephalus flavifrons,Yellow-fronted Parrot
Poicephalus fuscicollis,Brown-necked Parrot
Poicephalus gulielmi,Red-fronted Parrot
Poicephalus meyeri,Meyer's Parrot
Poicephalus robustus,Cape Parrot
Poicephalus rueppellii,Rüppell's Parrot
Poicephalus rufiventris,Red-bellied Parrot
Poicephalus senegalus,Senegal Parrot
Polytelis alexandrae,Princess Parrot
Polytelis anthopeplus,Regent Parrot
Polytelis swainsonii,Superb Parrot
Primolius auricollis,Golden-collared Macaw
Primolius couloni,Blue-headed Macaw
Primolius maracana,Blue-winged Macaw
Prioniturus discurus,Blue-crowned Racket-tail
Prioniturus flavicans,Yellow-breasted Racket-tail
Prioniturus luconensis,Green Racket-tail
Prioniturus mada,Buru Racket-tail
Prioniturus mindorensis,Mindoro Racket-tail
Prioniturus montanus,Montane Racket-tail
Prioniturus platenae,Blue-headed Racket-tail
Prioniturus platurus,Golden-mantled Racket-tail
Prioniturus verticalis,Blue-winged Racket-tail
Prioniturus waterstradti,Mindanao Racket-tail
Probosciger aterrimus,Palm Cockatoo
Prosopeia personata,Masked Shining Parrot
Prosopeia splendens,Crimson Shining Parrot
Prosopeia tabuensis,Maroon Shining Parrot
Psephotellus chrysopterygius,Golden-shouldered Parrot
Psephotellus dissimilis,Hooded Parrot
Psephotellus pulcherrimus,Paradise Parrot
Psephotellus varius,Mulga Parrot
Psephotus haematonotus,Red-rumped Parrot
Pseudeos cardinalis,Cardinal Lory
Pseudeos fuscata,Dusky Lory
Psilopsiagon aurifrons,Mountain Parakeet
Psilopsiagon aymara,Grey-hooded Parakeet
Psittacara brevipes,Socorro Parakeet
Psittacara chloropterus,Hispaniolan Parakeet
Psittacara erythrogenys,Red-masked Parakeet
Psittacara euops,Cuban Parakeet
Psittacara finschi,Finsch's Parakeet
Psittacara frontatus,Cordilleran Parakeet
Psittacara holochlorus,Green Parakeet
Psittacara leucophthalmus,White-eyed Parakeet
Psittacara maugei,Puerto Rican Parakeet
Psittacara mitratus,Mitred Parakeet
Psittacara strenuus,Pacific Parakeet
Psittacara wagleri,Scarlet-fronted Parakeet
Psittacella brehmii,Brehm's Tiger Parrot
Psittacella madaraszi,Madarasz's Tiger Parrot
Psittacella modesta,Modest Tiger Parrot
Psittacella picta,Painted Tiger Parrot
Psittacula alexandri,Red-breasted Parakeet
Psittacula bensoni,Mascarene Grey Parakeet
Psittacula calthrapae,Layard's Parakeet
Psittacula caniceps,Nicobar Parakeet
Psittacula columboides,Blue-winged Parakeet
Psittacula cyanocephala,Plum-headed Parakeet
Psittacula derbiana,Lord Derby's Parakeet
Psittacula eques,Echo Parakeet
Psittacula eupatria,Alexandrine Parakeet
Psittacula exsul,Newton's Parakeet
Psittacula finschii,Grey-headed Parakeet
Psittacula himalayana,Slaty-headed Parakeet
Psittacula krameri,Rose-ringed Parakeet
Psittacula longicauda,Long-tailed Parakeet
Psittacula roseata,Blossom-headed Parakeet
Psittacula wardi,Seychelles Parakeet
Psittaculirostris desmarestii,Large Fig Parrot
Psittaculirostris edwardsii,Edwards's Fig Parrot
Psittaculirostris salvadorii,Salvadori's Fig Parrot
Psittacus erithacus,Grey Parrot
Psittacus timneh,Timneh Parrot
Psitteuteles versicolor,Varied Lorikeet
Psittinus abbotti,Simeulue Parrot
Psittinus cyanurus,Blue-rumped Parrot
Psittrichas fulgidus,Pesquet's Parrot
Purpureicephalus spurius,Red-capped Parrot
Pyrilia aurantiocephala,Bald Parrot
Pyrilia barrabandi,Orange-cheeked Parrot
Pyrilia caica,Caica Parrot
Pyrilia haematotis,Brown-hooded Parrot
Pyrilia pulchra,Rose-faced Parrot
Pyrilia pyrilia,Saffron-headed Parrot
Pyrilia vulturina,Vulturine Parrot
Pyrrhura albipectus,White-breasted Parakeet
Pyrrhura amazonum,Santarem Parakeet
Pyrrhura calliptera,Flame-winged Parakeet
Pyrrhura cruentata,Ochre-marked Parakeet
Pyrrhura devillei,Blaze-winged Parakeet
Pyrrhura egregia,Fiery-shouldered Parakeet
Pyrrhura emma,Venezuelan Parakeet
Pyrrhura frontalis,Maroon-bellied Parakeet
Pyrrhura griseipectus,Grey-breasted Parakeet
Pyrrhura hoematotis,Blood-eared Parakeet
Pyrrhura hoffmanni,Sulphur-winged Parakeet
Pyrrhura lepida,Pearly Parakeet
Pyrrhura leucotis,White-eared Parakeet
Pyrrhura lucianii,Bonaparte's Parakeet
Pyrrhura melanura,Maroon-tailed Parakeet
Pyrrhura molinae,Green-cheeked Parakeet
Pyrrhura orcesi,El Oro Parakeet
Pyrrhura perlata,Crimson-bellied Parakeet
Pyrrhura pfrimeri,Pfrimer's Parakeet
Pyrrhura picta,Painted Parakeet
Pyrrhura rhodocephala,Rose-crowned Parakeet
Pyrrhura roseifrons,Rose-fronted Parakeet
Pyrrhura rupicola,Black-capped Parakeet
Pyrrhura viridicata,Santa Marta Parakeet
Rhynchopsitta pachyrhyncha,Thick-billed Parrot
Rhynchopsitta terrisi,Maroon-fronted Parrot
Saudareos flavoviridis,Sula Lorikeet
Saudareos iris,Iris Lorikeet
Saudareos johnstoniae,Mindanao Lorikeet
Saudareos meyeri,Yellow-cheeked Lorikeet
Saudareos ornata,Ornate Lorikeet
Strigops habroptilus,Kakapo
Synorhacma multistriata,Striated Lorikeet
Tanygnathus everetti,Blue-backed Parrot
Tanygnathus gramineus,Black-lored Parrot
Tanygnathus lucionensis,Blue-naped Parrot
Tanygnathus megalorynchos,Great-billed Parrot
Tanygnathus sumatranus,Azure-rumped Parrot
Thectocercus acuticaudatus,Blue-crowned Parakeet
Touit batavicus,Lilac-tailed Parrotlet
Touit costaricensis,Red-fronted Parrotlet
Touit dilectissimus,Blue-fronted Parrotlet
Touit huetii,Scarlet-shouldered Parrotlet
Touit melanonotus,Brown-backed Parrotlet
Touit purpuratus,Sapphire-rumped Parrotlet
Touit stictopterus,Spot-winged Parrotlet
Touit surdus,Golden-tailed Parrotlet
Trichoglossus capistratus,Marigold Lorikeet
Trichoglossus chlorolepidotus,Scaly-breasted Lorikeet
Trichoglossus euteles,Olive-headed Lorikeet
Trichoglossus forsteni,Sunset Lorikeet
Trichoglossus haematodus,Coconut Lorikeet
Trichoglossus moluccanus,Rainbow Lorikeet
Trichoglossus rosenbergii,Biak Lorikeet
Trichoglossus rubiginosus,Pohnpei Lorikeet
Trichoglossus rubritorquis,Red-collared Lorikeet
Trichoglossus weberi,Leaf Lorikeet
Triclaria malachitacea,Blue-bellied Parrot
Vini amabilis,Red-throated Lorikeet
Vini australis,Blue-crowned Lorikeet
Vini diadema,New Caledonian Lorikeet
Vini kuhlii,Kuhl's Lorikeet
Vini meeki,Meek's Lorikeet
Vini palmarum,Palm Lorikeet
Vini peruviana,Blue Lorikeet
Vini rubrigularis,Red-chinned Lorikeet
Vini solitaria,Collared Lory
Vini stepheni,Stephen's Lorikeet
Vini ultramarina,Ultramarine Lorikeet
Zanda baudinii,Baudin's Black Cockatoo
Zanda funerea,Yellow-tailed Black Cockatoo
Zanda latirostris,Carnaby's Black Cockatoo