"scientific_name","sexual_size_dimorphism"
"Agapornis canus",0.053956304810225
"Agapornis fischeri",0.0290528552311653
"Agapornis lilianae",0.0370653336549123
"Agapornis nigrigenis",0.0109889165743278
"Agapornis personatus",0.0765950732238108
"Agapornis pullarius",0.017385439540885
"Agapornis roseicollis",0.0988461264782903
"Agapornis swindernianus",0.131357004068485
"Agapornis taranta",0.00232466632024075
"Alipiopsitta xanthops",0.174576094093653
"Alisterus amboinensis",0.765858415257262
"Alisterus chloropterus",0.068295324233758
"Alisterus scapularis",0.0465149252839441
"Amazona aestiva",0.21563912081716
"Amazona agilis",0.23961821565756
"Amazona albifrons",0.0374280606338654
"Amazona amazonica",0.210004011344698
"Amazona arausiaca",0.0425440808520781
"Amazona auropalliata",0.303930519526923
"Amazona autumnalis",0.0770427919172689
"Amazona barbadensis",0.180063931230069
"Amazona bodini",NA
"Amazona brasiliensis",0.274403573237333
"Amazona collaria",0.0910302975795049
"Amazona diadema",0.0780164102927969
"Amazona dufresniana",0.311158396781043
"Amazona farinosa",0.358829016897563
"Amazona festiva",0.0321760369677795
"Amazona finschi",0.0792339565305847
"Amazona guatemalae",0.0404295703833759
"Amazona guildingii",0.0887220451768036
"Amazona imperialis",0.0209507140595031
"Amazona kawalli",NA
"Amazona leucocephala",0.242428526332851
"Amazona lilacina",0.140827549140227
"Amazona mercenarius",0.00256527671718576
"Amazona ochrocephala",0.0343898646038576
"Amazona oratrix",0.169867301020409
"Amazona pretrei",0.0472422177701046
"Amazona rhodocorytha",0.142013231389668
"Amazona tucumana",0.0846133198767183
"Amazona ventralis",0.0279976761659243
"Amazona versicolor",0.30920380657731
"Amazona vinacea",0.00728070877124032
"Amazona viridigenalis",0.18841949721252
"Amazona vittata",0.0663586409393759
"Amazona xantholora",0.110355585194905
"Anodorhynchus glaucus",0.287184433328194
"Anodorhynchus hyacinthinus",0.0229618747170592
"Anodorhynchus leari",0.0591647754320226
"Aprosmictus erythropterus",0.0409392101395673
"Aprosmictus jonquillaceus",0.316800423814496
"Ara ambiguus",0.144001459157733
"Ara ararauna",0.12911015030765
"Ara chloroptera",0.253713046356936
"Ara glaucogularis",0.27968537991391
"Ara macao",0.019630721175754
"Ara militaris",0.486374768805143
"Ara rubrogenys",0.242979905715035
"Ara severus",0.251388397792159
"Aratinga auricapillus",0.188230900420565
"Aratinga jandaya",0.0670174918383714
"Aratinga maculata",NA
"Aratinga nenday",0.0120339988513948
"Aratinga solstitialis",0.0502962138055707
"Aratinga weddellii",0.0416192939142416
"Barnardius zonarius",0.360033123491854
"Bolbopsittacus lunulatus",0.0199462141177869
"Bolborhynchus ferrugineifrons",0.0665158295674424
"Bolborhynchus lineola",0.0171503905304873
"Bolborhynchus orbygnesius",0.00408337973042516
"Brotogeris chiriri",0.0238922865070772
"Brotogeris chrysoptera",0.0765236763160335
"Brotogeris cyanoptera",0.0169842351021525
"Brotogeris jugularis",0.0401028167330353
"Brotogeris pyrrhoptera",9.63369931623603e-05
"Brotogeris sanctithomae",0.0637796130263841
"Brotogeris tirica",0.0482420756294026
"Brotogeris versicolurus",0.0113465004097355
"Cacatua alba",0.116503024738125
"Cacatua ducorpsii",0.0326658569908651
"Cacatua galerita",0.0442448596066609
"Cacatua goffiniana",0.177840880193728
"Cacatua haematuropygia",0.261789649763183
"Cacatua leadbeateri",0.0383528045712607
"Cacatua moluccensis",0.159892312725355
"Cacatua ophthalmica",0.0707763545240665
"Cacatua pastinator",0.236739288986438
"Cacatua sanguinea",0.0850411945865965
"Cacatua sulphurea",0.19304661698637
"Cacatua tenuirostris",0.832177548922199
"Callocephalon fimbriatum",0.153440819614456
"Calyptorhynchus banksii",0.206800100714247
"Calyptorhynchus funereus",0.587087461522641
"Calyptorhynchus lathami",0.223678482795476
"Chalcopsitta atra",0.1268423664957
"Chalcopsitta cardinalis",0.185109437799868
"Chalcopsitta duivenbodei",0.0695032346334717
"Chalcopsitta scintillata",0.0243173222946702
"Charmosyna amabilis",0.0209651018302153
"Charmosyna diadema",NA
"Charmosyna josefinae",0.204817044670014
"Charmosyna margarethae",0.138152816488735
"Charmosyna meeki",0.104947216322718
"Charmosyna multistriata",0.183422052851585
"Charmosyna palmarum",0.104766635643372
"Charmosyna papou",0.12870294864269
"Charmosyna placentis",0.0292732700082461
"Charmosyna pulchella",0.11480830436087
"Charmosyna rubrigularis",0.0436998471067651
"Charmosyna rubronotata",0.0651312783560354
"Charmosyna stellae",NA
"Charmosyna toxopei",0.0558264671516355
"Charmosyna wilhelminae",0.00838115664685812
"Coracopsis barklyi",NA
"Coracopsis nigra",0.30446224951533
"Coracopsis sibilans",NA
"Coracopsis vasa",0.193849937216837
"Cyanoliseus patagonus",0.0315862346060407
"Cyanopsitta spixii",0.100334131525247
"Cyanoramphus auriceps",0.165919868110412
"Cyanoramphus forbesi",0.0975938046438576
"Cyanoramphus malherbi",0.0377463050349285
"Cyanoramphus novaezelandiae",0.30213860571354
"Cyanoramphus unicolor",0.0152778797621386
"Cyclopsitta amabilis",NA
"Cyclopsitta coxeni",NA
"Cyclopsitta diophthalma",0.0496199644718933
"Cyclopsitta gulielmitertii",0.06565941622327
"Cyclopsitta melanogenia",NA
"Cyclopsitta nigrifrons",NA
"Deroptyus accipitrinus",0.163721011634301
"Diopsittaca cumanensis",NA
"Diopsittaca nobilis",0.0260904469352774
"Eclectus roratus",0.229267905148234
"Enicognathus ferrugineus",0.00806369742525359
"Enicognathus leptorhynchus",0.0827398253134981
"Eolophus roseicapilla",0.174764424961362
"Eos bornea",0.00544596755388096
"Eos cyanogenia",0.0437480513841379
"Eos histrio",0.0419237787295306
"Eos reticulata",0.169906741329737
"Eos semilarvata",0.188992104298752
"Eos squamata",0.0639043015647404
"Eunymphicus cornutus",0.391107169663384
"Eunymphicus uvaeensis",0.383841478176825
"Eupsittula astec",0.0546012770411641
"Eupsittula aurea",0.0323669240195892
"Eupsittula cactorum",0.00724587643204122
"Eupsittula canicularis",0.129765788990236
"Eupsittula nana",0.140579794488851
"Eupsittula pertinax",0.0737530048662883
"Forpus coelestis",0.111146740962996
"Forpus conspicillatus",0.0334011074410281
"Forpus cyanopygius",0.00790043945709096
"Forpus modestus",0.00241797371954755
"Forpus passerinus",0.0198833045720246
"Forpus spengeli",NA
"Forpus xanthops",0.0289508888117667
"Forpus xanthopterygius",0.00511983142722938
"Geoffroyus geoffroyi",0.0363757497942813
"Geoffroyus heteroclitus",0.0819976820602085
"Geoffroyus hyacinthinus",NA
"Geoffroyus simplex",0.112700108007218
"Glossopsitta concinna",0.095238057240473
"Glossopsitta porphyrocephala",0.0233256222168685
"Glossopsitta pusilla",0.0111504060946717
"Graydidascalus brachyurus",0.0900288056199987
"Guaruba guarouba",0.0976292278329192
"Hapalopsittaca amazonina",0.0945060675995804
"Hapalopsittaca fuertesi",0.0378894976922358
"Hapalopsittaca melanotis",0.0364135296162737
"Hapalopsittaca pyrrhops",NA
"Lathamus discolor",0.129084192911366
"Leptosittaca branickii",0.111947785073502
"Loriculus amabilis",0.00130859976746844
"Loriculus aurantiifrons",NA
"Loriculus beryllinus",0.0268856109952964
"Loriculus catamene",0.0697242978426518
"Loriculus exilis",0.026523666036697
"Loriculus flosculus",NA
"Loriculus galgulus",0.0534979178379897
"Loriculus philippensis",0.00480657624849568
"Loriculus pusillus",0.00930916631968426
"Loriculus sclateri",0.0289412479562916
"Loriculus stigmatus",0.00232748747989797
"Loriculus tener",0.0324919876791983
"Loriculus vernalis",0.0644599822419403
"Lorius albidinucha",0.00769132801127365
"Lorius chlorocercus",0.154512904718849
"Lorius domicella",0.0697431478618177
"Lorius garrulus",0.00958737578119873
"Lorius hypoinochrous",0.0619449087888033
"Lorius lory",0.291984122467464
"Melopsittacus undulatus",0.0420775066580696
"Micropsitta bruijnii",0.0380126250386876
"Micropsitta finschii",0.0253860060931008
"Micropsitta geelvinkiana",0.0764674038452444
"Micropsitta keiensis",0.0287746632477037
"Micropsitta meeki",0.0494159917412658
"Micropsitta pusio",0.0535186531826399
"Myiopsitta luchsi",NA
"Myiopsitta monachus",0.168818099188658
"Nannopsittaca dachilleae",NA
"Nannopsittaca panychlora",0.0383409005156266
"Neophema chrysogaster",0.0431048598261146
"Neophema chrysostoma",0.0373025551381866
"Neophema elegans",0.00215126191583537
"Neophema petrophila",0.107055951501323
"Neophema pulchella",0.0348514463335754
"Neophema splendida",0.0185852997326137
"Neopsephotus bourkii",0.293875979383925
"Neopsittacus musschenbroekii",0.0590961073001182
"Neopsittacus pullicauda",0.0395380235890688
"Nestor meridionalis",0.0247770228416915
"Nestor notabilis",0.304634303023724
"Northiella haematogaster",0.361907856794441
"Nymphicus hollandicus",0.0447267396539648
"Ognorhynchus icterotis",0.0347278135195879
"Oreopsittacus arfaki",0.0408916424371002
"Orthopsittaca manilatus",0.187872124455847
"Pezoporus occidentalis",0.0677393265854048
"Pezoporus wallicus",0.00113276600335954
"Phigys solitarius",0.013170881729499
"Pionites leucogaster",0.0257323194840746
"Pionites melanocephalus",0.00930133598932159
"Pionites xanthomerius",0.0293792913838292
"Pionites xanthurus",NA
"Pionopsitta pileata",0.064142682276551
"Pionus chalcopterus",0.519827574913622
"Pionus fuscus",0.0371038970768113
"Pionus maximiliani",0.0266483605829608
"Pionus menstruus",0.0346892899895192
"Pionus reichenowi",NA
"Pionus senilis",0.00564146894159945
"Pionus seniloides",0.0475930053023687
"Pionus sordidus",0.0350283418299606
"Pionus tumultuosus",0.078132604972999
"Platycercus adscitus",0.0629117286189654
"Platycercus caledonicus",0.478999634481828
"Platycercus elegans",0.139300480767554
"Platycercus eximius",0.374150501535076
"Platycercus icterotis",0.23961575070201
"Platycercus venustus",0.0499014558462703
"Poicephalus crassus",NA
"Poicephalus cryptoxanthus",0.175149829729527
"Poicephalus flavifrons",0.0365901469802888
"Poicephalus gulielmi",0.361178153801383
"Poicephalus meyeri",0.0825935587733269
"Poicephalus robustus",0.173042779953927
"Poicephalus rueppellii",0.0617430885851401
"Poicephalus rufiventris",0.0483957151558691
"Poicephalus senegalus",0.0973380719410024
"Polytelis alexandrae",0.617397330804458
"Polytelis anthopeplus",0.20037933459536
"Polytelis swainsonii",0.194081170276109
"Primolius auricollis",0.168435305319298
"Primolius couloni",0.0976877478411098
"Primolius maracana",0.264110113830402
"Prioniturus discurus",0.0633970639319767
"Prioniturus flavicans",0.187251688374198
"Prioniturus luconensis",0.0684408496670776
"Prioniturus mada",0.0861703726304248
"Prioniturus mindorensis",NA
"Prioniturus montanus",0.141092222160515
"Prioniturus platenae",0.0350319133453394
"Prioniturus platurus",0.261016153360093
"Prioniturus verticalis",0.0491807456444969
"Prioniturus waterstradti",0.0560015173158393
"Probosciger aterrimus",0.394597882664072
"Prosopeia personata",0.240682695666812
"Prosopeia splendens",0.119906461463393
"Prosopeia tabuensis",0.138548186154043
"Psephotellus chrysopterygius",0.0951661900688356
"Psephotellus dissimilis",0.0488203581093344
"Psephotellus varius",0.0182232077490147
"Psephotus haematonotus",0.149308502842213
"Pseudeos fuscata",0.0467129840610242
"Psilopsiagon aurifrons",0.258164866741504
"Psilopsiagon aymara",0.0245626256556835
"Psittacara acuticaudatus",0.238707127272076
"Psittacara chloropterus",0.00869642463606647
"Psittacara erythrogenys",0.0571434192527891
"Psittacara euops",0.0323487950218913
"Psittacara finschi",0.242272729457912
"Psittacara frontatus",NA
"Psittacara holochlorus",0.0228734013831265
"Psittacara leucophthalmus",0.340315977418018
"Psittacara mitratus",0.151656078046742
"Psittacara rubritorquis",0.0345630167924355
"Psittacara wagleri",0.123614374560059
"Psittacella brehmii",0.0503862833763689
"Psittacella lorentzi",NA
"Psittacella madaraszi",0.00988036974910145
"Psittacella modesta",0.0372077427123139
"Psittacella picta",0.0209072566973677
"Psittacula alexandri",0.068627564830749
"Psittacula calthrapae",0.071759722467792
"Psittacula caniceps",0.405790071470676
"Psittacula columboides",0.229933139532609
"Psittacula cyanocephala",0.467851783733647
"Psittacula derbiana",0.568820980479518
"Psittacula eques",0.0834144825784647
"Psittacula eupatria",0.0833654691979429
"Psittacula finschii",0.146574687898059
"Psittacula himalayana",0.220510631532778
"Psittacula krameri",0.301778853268814
"Psittacula longicauda",0.502878346698674
"Psittacula roseata",0.193285440834856
"Psittaculirostris cervicalis",NA
"Psittaculirostris desmarestii",0.0159151490050657
"Psittaculirostris edwardsii",0.0225456964008945
"Psittaculirostris godmani",NA
"Psittaculirostris salvadorii",0.130047620701111
"Psittacus erithacus",0.294442050106042
"Psittacus timneh",0.195645516860157
"Psitteuteles goldiei",0.0403358220434158
"Psitteuteles iris",0.0673481071522586
"Psitteuteles versicolor",0.0197510986427283
"Psittinus abbotti",NA
"Psittinus cyanurus",0.060562287495606
"Psittrichas fulgidus",0.110539723331286
"Purpureicephalus spurius",0.256026572421569
"Pyrilia aurantiocephala",NA
"Pyrilia barrabandi",0.0119696761917577
"Pyrilia caica",0.106418290458443
"Pyrilia haematotis",0.0131877897195765
"Pyrilia pulchra",0.0211454377346093
"Pyrilia pyrilia",0.0424724845234242
"Pyrilia vulturina",0.0547419054256495
"Pyrrhura albipectus",0.120863932527596
"Pyrrhura amazonum",NA
"Pyrrhura caeruleiceps",NA
"Pyrrhura calliptera",0.0499189255824547
"Pyrrhura cruentata",0.0229587379639549
"Pyrrhura devillei",0.0076051968869083
"Pyrrhura egregia",0.10544211091869
"Pyrrhura eisenmanni",NA
"Pyrrhura emma",NA
"Pyrrhura frontalis",0.0447517677259487
"Pyrrhura griseipectus",0.0688791323058509
"Pyrrhura hoematotis",0.00283634363618268
"Pyrrhura hoffmanni",0.0168755784765644
"Pyrrhura lepida",0.0499248960784764
"Pyrrhura leucotis",0.00236749842611739
"Pyrrhura lucianii",NA
"Pyrrhura melanura",0.0304440912444022
"Pyrrhura molinae",0.00591972556517528
"Pyrrhura orcesi",0.0669627302505484
"Pyrrhura pacifica",NA
"Pyrrhura parvifrons",NA
"Pyrrhura perlata",0.0564523336256941
"Pyrrhura peruviana",NA
"Pyrrhura pfrimeri",0.0120275213246053
"Pyrrhura picta",0.0467372957744416
"Pyrrhura rhodocephala",0.0522669040570828
"Pyrrhura roseifrons",0.0242817708562126
"Pyrrhura rupicola",0.0606552859957981
"Pyrrhura snethlageae",NA
"Pyrrhura subandina",NA
"Pyrrhura viridicata",0.00501628334348858
"Rhynchopsitta pachyrhyncha",0.0439750642579233
"Rhynchopsitta terrisi",0.0684777512983155
"Strigops habroptila",0.245732550742008
"Tanygnathus gramineus",NA
"Tanygnathus lucionensis",0.154083283889418
"Tanygnathus megalorynchos",0.203445393813168
"Tanygnathus sumatranus",0.0427999249370019
"Touit batavicus",0.0279278907590059
"Touit costaricensis",0.101739531647415
"Touit dilectissimus",0.025172000707046
"Touit huetii",0.096709252333167
"Touit melanonotus",0.021326410213909
"Touit purpuratus",0.119116113932731
"Touit stictopterus",0.0379122531686102
"Touit surdus",0.0202555996837286
"Trichoglossus capistratus",0.103562273311359
"Trichoglossus chlorolepidotus",0.0738879841322997
"Trichoglossus euteles",0.0840435536751224
"Trichoglossus flavoviridis",0.0929773985873452
"Trichoglossus forsteni",0.0592485490129471
"Trichoglossus haematodus",0.0883289801062603
"Trichoglossus johnstoniae",0.0374092988231081
"Trichoglossus meyeri",NA
"Trichoglossus moluccanus",0.0592532959281845
"Trichoglossus ornatus",0.491531027054519
"Trichoglossus rosenbergii",0.0329388883623044
"Trichoglossus rubiginosus",0.0801705852809798
"Trichoglossus rubritorquis",0.0115324163641262
"Trichoglossus weberi",0.128753555729354
"Triclaria malachitacea",0.186266419346243
"Vini australis",0.0173665496298887
"Vini kuhlii",0.0393546495128648
"Vini peruviana",0.0354614913172608
"Vini stepheni",0.00470239563726238
"Vini ultramarina",0.0587206559206659
"Zanda baudinii",0.0274233897180052
"Zanda latirostris",0.299727656688149
